,0,1,2,3,4,5,6,7,8,9,10,11,12,13,14,15,16,17,18,19,20,21,22,23,24,25,26,27,28,29,30,31,32,33,34,35,36,37,38,39,40,41,42,43,44,45,46,47,48,49
0,-999.989990234375,-999.989990234375,-999.989990234375,-999.989990234375,-999.989990234375,-999.989990234375,-999.989990234375,-999.989990234375,-999.989990234375,-999.989990234375,-999.989990234375,-999.989990234375,-999.989990234375,-999.989990234375,-999.989990234375,-999.989990234375,-999.989990234375,-999.989990234375,-999.989990234375,-999.989990234375,-999.989990234375,-999.989990234375,-999.989990234375,-999.989990234375,-999.989990234375,-999.989990234375,-999.989990234375,-999.989990234375,-999.989990234375,-999.989990234375,-999.989990234375,-999.989990234375,-999.989990234375,-999.989990234375,-999.989990234375,-999.989990234375,-999.989990234375,-999.989990234375,-999.989990234375,-999.989990234375,-999.989990234375,-999.989990234375,-999.989990234375,-999.989990234375,-999.989990234375,-999.989990234375,-999.989990234375,-999.989990234375,-999.989990234375,70.0
1,-999.989990234375,-999.989990234375,-999.989990234375,-999.989990234375,-999.989990234375,74.6912841796875,74.56916046142578,74.37456512451172,74.15625762939453,73.91107940673828,73.74285125732422,73.54515838623047,73.33012390136719,73.1048355102539,72.8736572265625,72.63885498046875,72.42858123779297,72.24195098876953,72.07676696777344,71.92967224121094,71.79375457763672,71.66887664794922,71.55387878417969,71.44686126708984,71.34635162353516,71.25121307373047,71.16053771972656,71.07377624511719,70.99051666259766,70.91056060791016,70.83377838134766,70.76022338867188,70.68991088867188,70.62290954589844,70.55936431884766,70.49933624267578,70.44294738769531,70.39019775390625,70.34115600585938,70.2957534790039,70.25396728515625,70.21562194824219,70.18058013916016,70.14857482910156,70.11933135986328,70.09245300292969,70.06758117675781,70.04422760009766,70.02185821533203,70.0
2,-999.989990234375,-999.989990234375,-999.989990234375,-999.989990234375,74.87760162353516,74.74574279785156,74.5730972290039,74.36707305908203,74.1229476928711,73.93891906738281,73.74474334716797,73.53463745117188,73.31230926513672,73.08247375488281,72.84883880615234,72.61341857910156,72.404052734375,72.21949005126953,72.05707550048828,71.91300201416016,71.77978515625,71.65733337402344,71.5443344116211,71.43893432617188,71.33964538574219,71.2453384399414,71.15524291992188,71.06878662109375,70.9856948852539,70.9057388305664,70.82891845703125,70.7552261352539,70.68478393554688,70.6176528930664,70.55400848388672,70.49391174316406,70.43751525878906,70.38481140136719,70.33584594726562,70.2906265258789,70.24903869628906,70.21099853515625,70.17634582519531,70.1447982788086,70.11604309082031,70.08975982666016,70.06548309326172,70.04279327392578,70.02113342285156,70.0
3,-999.989990234375,-999.989990234375,-999.989990234375,75.07247161865234,74.94215393066406,74.77290344238281,74.57588958740234,74.33798217773438,74.1513900756836,73.94950866699219,73.73481750488281,73.50841522216797,73.27386474609375,73.03560638427734,72.7973403930664,72.56094360351562,72.35382080078125,72.17385864257812,72.01740264892578,71.87972259521484,71.75212860107422,71.63459777832031,71.52568054199219,71.4234848022461,71.3265380859375,71.23385620117188,71.14481353759766,71.05896759033203,70.97608947753906,70.89616394042969,70.81915283203125,70.7452163696289,70.67450714111328,70.60713958740234,70.54325866699219,70.48303985595703,70.42655181884766,70.3739242553711,70.32514190673828,70.28023529052734,70.23910522460938,70.2016830444336,70.16778564453125,70.13711547851562,70.10938262939453,70.08425903320312,70.06124114990234,70.03990936279297,70.01969909667969,70.0
4,-999.989990234375,-999.989990234375,75.2535171508789,75.13593292236328,74.97798919677734,74.78974151611328,74.56031799316406,74.37349700927734,74.16780090332031,73.94520568847656,73.70877075195312,73.4622802734375,73.21089172363281,72.96035766601562,72.71538543701172,72.47821044921875,72.2755355834961,72.10368347167969,71.957275390625,71.8300552368164,71.71137237548828,71.60150146484375,71.498779296875,71.4012680053711,71.3077163696289,71.21733856201172,71.1296615600586,71.04454040527344,70.9618911743164,70.88185119628906,70.80452728271484,70.73017120361328,70.65899658203125,70.59117889404297,70.52693176269531,70.46646881103516,70.4098892211914,70.35733795166016,70.308837890625,70.2643814086914,70.22395324707031,70.18743133544922,70.15464782714844,70.12533569335938,70.09920501708984,70.07583618164062,70.0547866821289,70.03553009033203,70.01746368408203,70.0
5,-999.989990234375,75.39140319824219,75.30471801757812,75.17267608642578,75.00350189208984,74.78901672363281,74.60594940185547,74.4006118774414,74.17351531982422,73.92692565917969,73.66476440429688,73.39280700683594,73.11869049072266,72.85095977783203,72.59693145751953,72.35993194580078,72.1654281616211,72.00699615478516,71.87628173828125,71.76464080810547,71.65878295898438,71.55952453613281,71.46502685546875,71.37358856201172,71.28424835205078,71.19657135009766,71.11042022705078,71.02595520019531,70.94336700439453,70.8629379272461,70.7850341796875,70.70995330810547,70.6380615234375,70.56958770751953,70.50483703613281,70.44398498535156,70.38726043701172,70.33477783203125,70.28659057617188,70.24272918701172,70.2032241821289,70.16790008544922,70.13665008544922,70.10920715332031,70.08519744873047,70.06427001953125,70.04586029052734,70.02945709228516,70.0143814086914,70.0
6,-999.989990234375,75.41215515136719,75.3348159790039,75.2025146484375,75.0161361694336,74.8445053100586,74.64666748046875,74.42194366455078,74.1709976196289,73.8962173461914,73.60232543945312,73.29703521728516,72.9914321899414,72.69903564453125,72.43253326416016,72.19795989990234,72.01821899414062,71.88152313232422,71.77445983886719,71.68501281738281,71.59656524658203,71.51094055175781,71.42658233642578,71.34228515625,71.25760650634766,71.17265319824219,71.08785247802734,71.00369262695312,70.92071533203125,70.83948516845703,70.76058197021484,70.68441772460938,70.6114730834961,70.54208374023438,70.47655487060547,70.41520690917969,70.35820007324219,70.3057632446289,70.25794982910156,70.2148666381836,70.17647552490234,70.1427001953125,70.11336517333984,70.08826446533203,70.06700897216797,70.0491943359375,70.03422546386719,70.02154541015625,70.01039123535156,70.0
7,-999.989990234375,75.4443588256836,75.36958312988281,75.22888946533203,75.07940673828125,74.89911651611328,74.68683624267578,74.44184112548828,74.16436767578125,73.85639190673828,73.52275085449219,73.17274475097656,72.82186889648438,72.49199676513672,72.2069091796875,71.97975158691406,71.8268051147461,71.72525787353516,71.65325927734375,71.59434509277344,71.52832794189453,71.45925903320312,71.386474609375,71.30975341796875,71.22957611083984,71.14689636230469,71.06275177001953,70.97821807861328,70.89419555664062,70.81157684326172,70.73107147216797,70.65333557128906,70.5788803100586,70.50821685791016,70.44165802001953,70.37956237792969,70.32218170166016,70.26973724365234,70.22237396240234,70.18014526367188,70.14311218261719,70.11116790771484,70.08422088623047,70.06200408935547,70.04418182373047,70.03023529052734,70.01960754394531,70.01155853271484,70.00533294677734,70.0
8,-999.989990234375,75.490234375,75.41334533691406,75.2978286743164,75.14654541015625,74.95844268798828,74.73219299316406,74.46638488769531,74.16008758544922,73.8136978149414,73.43054962158203,73.01994323730469,72.6015625,72.21019744873047,71.89344024658203,71.68560028076172,71.58269500732422,71.5382080078125,71.51715850830078,71.49862670898438,71.4599380493164,71.40949249267578,71.34864807128906,71.2789077758789,71.20222473144531,71.12065124511719,71.03601837158203,70.95000457763672,70.86396789550781,70.779052734375,70.69622802734375,70.61626434326172,70.53984069824219,70.46745300292969,70.39955139160156,70.33647155761719,70.278564453125,70.22602844238281,70.17908477783203,70.1378173828125,70.10233306884766,70.07256317138672,70.0484390258789,70.02971649169922,70.01600646972656,70.00682067871094,70.00148010253906,69.99922180175781,69.99906158447266,70.0
9,-999.989990234375,75.55648803710938,75.486572265625,75.375732421875,75.22341918945312,75.02861022949219,74.78945922851562,74.50341796875,74.16746520996094,73.77874755859375,73.33622741699219,72.84467315673828,72.32340240478516,71.82255554199219,71.43982696533203,71.28410339355469,71.2785873413086,71.32643127441406,71.37664031982422,71.40831756591797,71.40011596679688,71.36829376220703,71.31788635253906,71.25312805175781,71.17784118652344,71.0953369140625,71.0084228515625,70.91934204101562,70.82994079589844,70.74162292480469,70.65557861328125,70.57266235351562,70.49364471435547,70.4190902709961,70.34944915771484,70.28514099121094,70.22647857666016,70.17376708984375,70.12721252441406,70.0870132446289,70.05325317382812,70.02598571777344,70.0051040649414,69.99046325683594,69.9816665649414,69.97819519042969,69.97928619384766,69.98405456542969,69.99138641357422,70.0
10,-999.989990234375,75.63106536865234,75.57401275634766,75.46824645996094,75.31570434570312,75.11571502685547,74.86587524414062,74.56217193603516,74.19881439208984,73.76806640625,73.26051330566406,72.6675796508789,71.9920883178711,71.28288269042969,70.72463989257812,70.72860717773438,70.91911315917969,71.11080169677734,71.25270080566406,71.3399429321289,71.3606948852539,71.34370422363281,71.29956817626953,71.23585510253906,71.15843963623047,71.07206726074219,70.98035430908203,70.88622283935547,70.79179382324219,70.69878387451172,70.60843658447266,70.5217514038086,70.43946075439453,70.3622055053711,70.29042053222656,70.22456359863281,70.1649398803711,70.11189270019531,70.06571197509766,70.02658081054688,69.99474334716797,69.97022247314453,69.95309448242188,69.94317626953125,69.94014739990234,69.94345092773438,69.95227813720703,69.9655532836914,69.98197937011719,70.0
11,-999.989990234375,75.73607635498047,75.68348693847656,75.5806655883789,75.42831420898438,75.22522735595703,74.96829223632812,74.65213012695312,74.26837921142578,73.80401611328125,73.23855590820312,72.53948974609375,71.65833282470703,70.55243682861328,69.40019989013672,69.9798355102539,70.55561828613281,70.94319152832031,71.18132019042969,71.31620788574219,71.35552978515625,71.3442153930664,71.29878997802734,71.22994995117188,71.14551544189453,71.05133056640625,70.9517593383789,70.85011291503906,70.74879455566406,70.64958190917969,70.55382537841797,70.46246337890625,70.37625122070312,70.29573822021484,70.2214126586914,70.15364074707031,70.09281158447266,70.03923797607422,69.99330139160156,69.95524597167969,69.92539978027344,69.9039077758789,69.89094543457031,69.88642883300781,69.89007568359375,69.90138244628906,69.91941833496094,69.94300842285156,69.97049713134766,70.0
12,-999.989990234375,75.86707305908203,75.81647491455078,75.71573638916016,75.56451416015625,75.361083984375,75.1019058227539,74.78105163574219,74.38902282714844,73.91016387939453,73.31723022460938,72.55692291259766,71.50624084472656,69.81412506103516,66.19942474365234,69.2218017578125,70.37525939941406,70.9224853515625,71.21076202392578,71.3613052368164,71.39732360839844,71.37664031982422,71.31904602050781,71.23705291748047,71.13949584960938,71.03282165527344,70.92180633544922,70.80989837646484,70.69961547851562,70.5926742553711,70.4903335571289,70.39342498779297,70.30261993408203,70.21837615966797,70.14106750488281,70.07107543945312,70.00872802734375,69.95442962646484,69.90855407714844,69.87149810791016,69.8436508178711,69.82538604736328,69.8169174194336,69.81842041015625,69.8297119140625,69.85035705566406,69.87937927246094,69.91539001464844,69.95641326904297,70.0
13,-999.989990234375,76.02202606201172,75.97286224365234,75.8743667602539,75.7257308959961,75.52509307861328,75.26909637451172,74.95238494873047,74.56664276123047,74.09900665283203,73.52918243408203,72.8248519897461,71.937744140625,70.82542419433594,69.66556549072266,70.22901916503906,70.78744506835938,71.15672302246094,71.37503814697266,71.48828887939453,71.49173736572266,71.44334411621094,71.36100769042969,71.2567367553711,71.13919067382812,71.01493835449219,70.8886489868164,70.76371002197266,70.64238739013672,70.52623748779297,70.41621398925781,70.31299591064453,70.21697998046875,70.12853240966797,70.0478744506836,69.9753189086914,69.91116333007812,69.8558578491211,69.8098373413086,69.77356719970703,69.74764251708984,69.73258972167969,69.72892761230469,69.73699951171875,69.75691223144531,69.788330078125,69.83037567138672,69.88140106201172,69.93900299072266,70.0
14,-999.989990234375,76.19944763183594,76.15180206298828,76.05618286132812,75.91173553466797,75.71684265136719,75.46886444091797,75.16385650634766,74.7962646484375,74.3586196899414,73.84178161621094,73.2374267578125,72.54845428466797,71.82334899902344,71.24529266357422,71.2222671508789,71.3814468383789,71.5382308959961,71.64125061035156,71.68529510498047,71.63327026367188,71.54085540771484,71.42172241210938,71.28599548339844,71.1416015625,70.9946060180664,70.84930419921875,70.7086410522461,70.574462890625,70.44779205322266,70.32926940917969,70.21912384033203,70.11750030517578,70.02448272705078,69.9401626586914,69.8647232055664,69.7984619140625,69.74177551269531,69.69522857666016,69.65941619873047,69.63513946533203,69.62315368652344,69.62433624267578,69.63938903808594,69.66876220703125,69.71251678466797,69.7698974609375,69.83914184570312,69.917236328125,70.0
15,-999.989990234375,76.39778900146484,76.3519058227539,76.25984191894531,76.12093353271484,75.93405151367188,75.69750213623047,75.4090576171875,75.0661392211914,74.66627502441406,74.20883178710938,73.69880676269531,73.15550231933594,72.62862396240234,72.21472930908203,72.02133178710938,71.97201538085938,71.96990966796875,71.96305847167969,71.92976379394531,71.80963897705078,71.66126251220703,71.49503326416016,71.31951141357422,71.14181518554688,70.96726989746094,70.79957580566406,70.64090728759766,70.49239349365234,70.35435485839844,70.22679138183594,70.10940551757812,70.00196075439453,69.90422058105469,69.8160171508789,69.73746490478516,69.6687240600586,69.61029052734375,69.56272888183594,69.52688598632812,69.50370025634766,69.49433898925781,69.50004577636719,69.52210235595703,69.56157684326172,69.61912536621094,69.69442749023438,69.78581237792969,69.88958740234375,70.0
16,-999.989990234375,76.61526489257812,76.57135009765625,76.48333740234375,76.35083770751953,76.17327117919922,75.94989013671875,75.67999267578125,75.3633041381836,75.00080108642578,74.5963363647461,74.15949249267578,73.71005249023438,73.28258514404297,72.92411804199219,72.66827392578125,72.51038360595703,72.4026870727539,72.30757141113281,72.20169067382812,72.0076675415039,71.79464721679688,71.5726318359375,71.3498306274414,71.13287353515625,70.9266128540039,70.73380279541016,70.55561065673828,70.3919906616211,70.24232482910156,70.1056900024414,69.98118591308594,69.86798858642578,69.76554107666016,69.67340850830078,69.59152221679688,69.51998901367188,69.45930480957031,69.41014099121094,69.37346649169922,69.35055541992188,69.3429183959961,69.35237884521484,69.38092041015625,69.43057250976562,69.50302124023438,69.5989761352539,69.71720886230469,69.85354614257812,70.0
17,-999.989990234375,76.84986114501953,76.80802917480469,76.72428894042969,76.59854125976562,76.4306869506836,76.22073364257812,75.96907806396484,75.67693328857422,75.3470458984375,74.9848861694336,74.6002426147461,74.20890808105469,73.83290100097656,73.49603271484375,73.21134948730469,72.99413299560547,72.81916046142578,72.65882110595703,72.48905181884766,72.21664428710938,71.93087005615234,71.64472961425781,71.367431640625,71.1058349609375,70.86444091796875,70.64488220214844,70.44671630859375,70.26825714111328,70.10749053955078,69.96247863769531,69.8314437866211,69.7130355834961,69.60618591308594,69.51023864746094,69.42489624023438,69.35023498535156,69.28668975830078,69.2350845336914,69.1965560913086,69.17265319824219,69.1653060913086,69.17697143554688,69.2105941772461,69.26947784423828,69.35709381103516,69.47602844238281,69.62667846679688,69.80499267578125,70.0
18,-999.989990234375,77.09950256347656,77.05973052978516,76.98023223876953,76.8611068725586,76.70262145996094,76.50528717041016,76.2701644897461,75.99920654296875,75.69574737548828,75.36530303955078,75.01625061035156,74.66024780273438,74.31137084960938,73.98302459716797,73.68218231201172,73.43162536621094,73.21723175048828,73.0151596069336,72.78968811035156,72.42926788330078,72.05960845947266,71.69985961914062,71.36064147949219,71.0492935180664,70.7704849243164,70.52415466308594,70.30711364746094,70.11541748046875,69.94522857666016,69.79331970214844,69.65702056884766,69.5343246459961,69.42373657226562,69.32425689697266,69.23545837402344,69.15730285644531,69.09026336669922,69.03520202636719,68.99349212646484,68.96684265136719,68.9576644897461,68.96900177001953,69.00489044189453,69.07035827636719,69.17151641845703,69.31437683105469,69.5030746459961,69.73628234863281,70.0
19,-999.989990234375,77.36211395263672,77.32429504394531,77.24878692626953,77.13582611083984,76.98587799072266,76.79975128173828,76.57878112792969,76.32510375976562,76.04200744628906,75.73429107666016,75.40858459472656,75.07328033447266,74.73780059814453,74.41096496582031,74.09861755371094,73.82925415039062,73.59919738769531,73.39012145996094,73.1150894165039,72.6391372680664,72.16815948486328,71.72393798828125,71.3148193359375,70.94824981689453,70.63155364990234,70.36100769042969,70.12873840332031,69.92724609375,69.75065612792969,69.59431457519531,69.45469665527344,69.3291015625,69.2156982421875,69.11320495605469,69.02103424072266,68.93907165527344,68.86776733398438,68.80809783935547,68.761474609375,68.72989654541016,68.7159652709961,68.72332000732422,68.75688934326172,68.82357025146484,68.93317413330078,69.0972671508789,69.32711029052734,69.63148498535156,70.0
20,-999.989990234375,77.63573455810547,77.5997085571289,77.52780151367188,77.42034149169922,77.27787017822266,77.10128784179688,76.8919448852539,76.6518325805664,76.38380432128906,76.09170532226562,75.78046417236328,75.45602416992188,75.1249008178711,74.7936019897461,74.46843719482422,74.18424987792969,73.9565658569336,73.82603454589844,73.50533294677734,72.82854461669922,72.23637390136719,71.69900512695312,71.21166229248047,70.78176879882812,70.43032836914062,70.14318084716797,69.90287017822266,69.69731903076172,69.51878356933594,69.36152648925781,69.22117614746094,69.09463500976562,68.97967529296875,68.8749008178711,68.77955627441406,68.69349670410156,68.61711120605469,68.55142211914062,68.49793243408203,68.45867156982422,68.4363784790039,68.4349365234375,68.45957946777344,68.5180435180664,68.62528991699219,68.80046081542969,69.06456756591797,69.45571899414062,70.0
21,-999.989990234375,77.91862487792969,77.8841781616211,77.81543731689453,77.71273803710938,77.57662963867188,77.40792846679688,77.20787048339844,76.97811889648438,76.72089385986328,76.43901824951172,76.13591766357422,75.81551361083984,75.48197937011719,75.13977813720703,74.79407501220703,74.4798583984375,74.21426391601562,74.04029083251953,73.67404174804688,72.9117202758789,72.23149108886719,71.60533905029297,71.0312271118164,70.51590728759766,70.14384460449219,69.85771942138672,69.6214828491211,69.41963195800781,69.2449951171875,69.09122467041016,68.95340728759766,68.82820129394531,68.71324920654297,68.60704803466797,68.50886535644531,68.41844177246094,68.336181640625,68.26298522949219,68.20040893554688,68.15034484863281,68.11554718017578,68.0998306274414,68.10759735107422,68.14280700683594,68.22848510742188,68.39434814453125,68.6858139038086,69.1792984008789,70.0
22,-999.989990234375,78.20923614501953,78.17615509033203,78.11013793945312,78.01148986816406,77.88067626953125,77.7184066772461,77.52566528320312,77.30370330810547,77.0540771484375,76.77862548828125,76.47940826416016,76.15849304199219,75.81788635253906,75.45945739746094,75.08514404296875,74.72418975830078,74.37836456298828,74.0371322631836,73.62240600585938,72.88713073730469,72.14886474609375,71.43455505371094,70.77185821533203,70.19967651367188,69.80259704589844,69.50994110107422,69.27982330322266,69.08916473388672,68.92524719238281,68.78011322021484,68.6485824584961,68.52726745605469,68.41397094726562,68.30734252929688,68.2066650390625,68.1117172241211,68.02278137207031,67.94061279296875,67.86648559570312,67.80215454101562,67.75032806396484,67.71525573730469,67.7036361694336,67.7269515991211,67.80862426757812,67.98707580566406,68.32642364501953,68.93585205078125,70.0
23,-999.989990234375,78.5062484741211,78.47433471679688,78.41063690185547,78.31539154052734,78.1889877319336,78.03195190429688,77.84500122070312,77.62894439697266,77.38472747802734,77.11331176757812,76.81551361083984,76.49178314208984,76.1419677734375,75.76512908935547,75.35965728759766,74.95050811767578,74.53488159179688,74.10360717773438,73.63397216796875,72.83838653564453,72.0459213256836,71.2781753540039,70.56645202636719,69.9591293334961,69.54267120361328,69.2419662475586,69.01131439208984,68.82389068603516,68.66409301757812,68.52259063720703,68.3936996459961,68.27386474609375,68.16088104248047,68.0534439086914,67.95085144042969,67.8528823852539,67.75975799560547,67.67212677001953,67.5911636352539,67.51866149902344,67.45756530761719,67.41283416748047,67.39289093017578,67.41259765625,67.4985122680664,67.69575500488281,68.07994842529297,68.7767562866211,70.0
24,-999.989990234375,78.808837890625,78.7779312133789,78.71621704101562,78.62386322021484,78.50114440917969,78.34844207763672,78.16616821289062,77.95479583740234,77.7147216796875,77.4461669921875,77.14896392822266,76.82221984863281,76.46379089355469,76.06978607177734,75.6346664428711,75.18016052246094,74.70357513427734,74.21202850341797,73.70862579345703,72.93602752685547,72.11624145507812,71.31990051269531,70.5847396850586,69.96063995361328,69.53365325927734,69.22743225097656,68.99485778808594,68.8075942993164,68.64879608154297,68.5083999633789,68.3803482055664,68.26092529296875,68.1479263305664,68.04000854492188,67.93647003173828,67.83708953857422,67.74203491210938,67.65194702148438,67.56793975830078,67.49189758300781,67.42703247070312,67.37881469726562,67.35671997070312,67.37742614746094,67.47004699707031,67.6841049194336,68.1001968383789,68.83531951904297,70.0
25,-999.989990234375,78.79854583740234,78.76838684082031,78.70813751220703,78.61790466308594,78.49787139892578,78.34823608398438,78.16922760009766,77.96100616455078,77.72354888916016,77.45658111572266,77.15927124023438,76.82982635498047,76.4647216796875,76.0568618774414,75.59442138671875,75.10932922363281,74.60414123535156,74.08720397949219,73.5696029663086,72.5693130493164,71.67101287841797,70.83665466308594,70.0761489868164,69.43185424804688,68.9888916015625,68.66986083984375,68.42713928222656,68.23182678222656,68.0663833618164,67.92023468017578,67.78700256347656,67.6628189086914,67.54532623291016,67.43315887451172,67.32556915283203,67.22232055664062,67.12357330322266,67.02999114990234,66.94273376464844,66.86385345458984,66.79681396484375,66.74757385253906,66.72642517089844,66.7514419555664,66.85427856445312,67.0904769897461,67.55704498291016,68.42404174804688,70.0
26,-999.989990234375,78.79331970214844,78.7638168334961,78.70484161376953,78.61646270751953,78.49876403808594,78.35184478759766,78.17573547363281,77.97039794921875,77.73558044433594,77.47071075439453,77.17469024658203,76.84562683105469,76.48039245605469,76.07420349121094,75.62117767333984,75.14398956298828,74.64146423339844,74.12667083740234,73.61335754394531,72.61235809326172,71.7132797241211,70.88494873046875,70.13189697265625,69.49051666259766,69.04193115234375,68.71393585205078,68.46182250976562,68.25775146484375,68.08454132080078,67.93157958984375,67.79244995117188,67.66322326660156,67.54150390625,67.42587280273438,67.3155746459961,67.21031951904297,67.11029815673828,67.01618194580078,66.9292221069336,66.85157775878906,66.786865234375,66.74118041992188,66.72482299804688,66.75572204589844,66.86502838134766,67.10730743408203,67.57845306396484,68.4466323852539,70.0
27,-999.989990234375,78.79220581054688,78.76329040527344,78.7054672241211,78.61875915527344,78.50318145751953,78.35874938964844,78.1854019165039,77.98296356201172,77.75106048583984,77.48905181884766,77.19585418701172,76.86984252929688,76.5086898803711,76.10940551757812,75.66886901855469,75.2117691040039,74.73822784423828,74.25007629394531,73.75810241699219,72.85778045654297,72.02188873291016,71.24365997314453,70.53137969970703,69.9142074584961,69.46002960205078,69.11930084228516,68.85308837890625,68.63552856445312,68.4500732421875,68.28631591796875,68.13793182373047,68.00102233886719,67.87318420410156,67.75289916992188,67.63938903808594,67.53235626220703,67.4320297241211,67.339111328125,67.25499725341797,67.1819839477539,67.12381744384766,67.08649444580078,67.07987976074219,67.1203842163086,67.23593139648438,67.47332763671875,67.91094207763672,68.67973327636719,70.0
28,-999.989990234375,78.79463958740234,78.76624298095703,78.70947265625,78.62432098388672,78.51075744628906,78.36872100830078,78.19810485839844,77.99870300292969,77.77009582519531,77.51168060302734,77.22256469726562,76.90148162841797,76.54686737060547,76.1569595336914,75.73020935058594,75.29261016845703,74.84544372558594,74.3919677734375,73.93887329101562,73.1830825805664,72.45539855957031,71.77098846435547,71.14151763916016,70.5806655883789,70.0953140258789,69.72843170166016,69.43750762939453,69.1971206665039,68.99118041992188,68.80919647216797,68.64518737792969,68.49539184570312,68.35726165771484,68.229248046875,68.11045837402344,68.00059509277344,67.8999252319336,67.80931091308594,67.7303695678711,67.66569519042969,67.6192626953125,67.59712219238281,67.60848236083984,67.66758728027344,67.7984390258789,68.03755187988281,68.4383316040039,69.07123565673828,70.0
29,-999.989990234375,78.80005645751953,78.77217102050781,78.71639251708984,78.6327133178711,78.52108001708984,78.38140869140625,78.21357727050781,78.01734924316406,77.79238891601562,77.53816223144531,77.25399017333984,76.9389877319336,76.59217071533203,76.21258544921875,75.79960632324219,75.37994384765625,74.95524597167969,74.52849578857422,74.10383605957031,73.44954681396484,72.81076049804688,72.20336151123047,71.63826751708984,71.1235122680664,70.65978240966797,70.2909927368164,69.98748779296875,69.73065948486328,69.50743103027344,69.30760955810547,69.1274185180664,68.96382904052734,68.81449127197266,68.67774963378906,68.5527572631836,68.43917083740234,68.33733367919922,68.24820709228516,68.17353057861328,68.11599731445312,68.07957458496094,68.06983184814453,68.0942153930664,68.16150665283203,68.29098510742188,68.50708770751953,68.84122467041016,69.3299789428711,70.0
30,-999.989990234375,78.80799102783203,78.78057098388672,78.72574615478516,78.64347839355469,78.53372955322266,78.39642333984375,78.23140716552734,78.03850555419922,77.81742095947266,77.56777954101562,77.2890625,76.980712890625,76.64218139648438,76.27301025390625,75.87308502197266,75.46944427490234,75.0637435913086,74.65840148925781,74.25617218017578,73.67716217041016,73.10855865478516,72.56353759765625,72.05145263671875,71.5792465209961,71.1511001586914,70.79019927978516,70.47774505615234,70.20589447021484,69.96642303466797,69.7525405883789,69.55986022949219,69.38536071777344,69.22676849365234,69.08259582519531,68.95194244384766,68.83454895019531,68.73069763183594,68.64140319824219,68.56829071044922,68.51394653320312,68.4819107055664,68.47708892822266,68.50585174560547,68.57638549804688,68.70040893554688,68.89006805419922,69.15868377685547,69.52542877197266,70.0
31,-999.989990234375,78.81793975830078,78.79098510742188,78.737060546875,78.65618133544922,78.54827880859375,78.41329193115234,78.25112915039062,78.0616226196289,77.84455871582031,77.59967803955078,77.32664489746094,77.02513122558594,76.69485473632812,76.3357162475586,75.94782257080078,75.55833435058594,75.16876983642578,74.78106689453125,74.39714050292969,73.87586975097656,73.36258697509766,72.8677978515625,72.39935302734375,71.96344757080078,71.56542205810547,71.21190643310547,70.89851379394531,70.62020874023438,70.37178802490234,70.14850616455078,69.9468002319336,69.7639389038086,69.59797668457031,69.44747924804688,69.31171417236328,69.19036865234375,69.08378601074219,68.99283599853516,68.91895294189453,68.86443328857422,68.83222961425781,68.82638549804688,68.85188293457031,68.91485595703125,69.02249908447266,69.18191528320312,69.39877319335938,69.67457580566406,70.0
32,-999.989990234375,78.82946014404297,78.80294036865234,78.74989318847656,78.67032623291016,78.5642318725586,78.4315414428711,78.27218627929688,78.08609008789062,77.87308502197266,77.63300323486328,77.36565399169922,77.07087707519531,76.74857330322266,76.39881134033203,76.0218505859375,75.64481353759766,75.26905059814453,74.89612579345703,74.52743530273438,74.05138397216797,73.58206176757812,73.12776184082031,72.69481658935547,72.28841400146484,71.91267395019531,71.57054901123047,71.26102447509766,70.9815673828125,70.72897338867188,70.50011444091797,70.29224395751953,70.1032485961914,69.93145751953125,69.77567291259766,69.63523864746094,69.50989532470703,69.39995574951172,69.30608367919922,69.22957611083984,69.17219543457031,69.13640594482422,69.12519836425781,69.14222717285156,69.19152069091797,69.27727508544922,69.4027099609375,69.56889343261719,69.77212524414062,70.0
33,-999.989990234375,78.84212493896484,78.81600952148438,78.7637939453125,78.68547821044922,78.58110046386719,78.45063018798828,78.29403686523438,78.11127471923828,77.90227508544922,77.66690826416016,77.40509796142578,77.11679077148438,76.80201721191406,76.46089935302734,76.0937728881836,75.72769165039062,75.36381530761719,75.00343322753906,74.6475830078125,74.2075424194336,73.77339935302734,73.35183715820312,72.9478759765625,72.56568145751953,72.20845794677734,71.87810516357422,71.57475280761719,71.29717254638672,71.04351043701172,70.8117904663086,70.60002899169922,70.40664672851562,70.23030090332031,70.0700912475586,69.9254150390625,69.79609680175781,69.68228912353516,69.5846176147461,69.50402069091797,69.4419174194336,69.40005493164062,69.38067626953125,69.38613891601562,69.41886901855469,69.48095703125,69.57328796386719,69.69465637207031,69.84019470214844,70.0
34,-999.989990234375,78.85553741455078,78.82978820800781,78.7783203125,78.70117950439453,78.59841918945312,78.47005462646484,78.31612396240234,78.13658905029297,77.93143463134766,77.70062255859375,77.44410705566406,77.16191101074219,76.8541259765625,76.52092742919922,76.1626205444336,75.80615997314453,75.45258331298828,75.10293579101562,74.75799560546875,74.34699249267578,73.9413070678711,73.54637145996094,73.16624450683594,72.80419921875,72.46282958984375,72.14369201660156,71.8472900390625,71.57318878173828,71.32039642333984,71.087646484375,70.87366485595703,70.67723846435547,70.4974365234375,70.33348846435547,70.18498229980469,70.05168151855469,69.93376922607422,69.83164978027344,69.74600219726562,69.6778793334961,69.62847137451172,69.5992431640625,69.59162902832031,69.6069107055664,69.64578247070312,69.70789337158203,69.79112243652344,69.8909683227539,70.0
35,-999.989990234375,78.86933135986328,78.8438949584961,78.79307556152344,78.71697235107422,78.6156997680664,78.48931121826172,78.33786010742188,78.16140747070312,77.95992279052734,77.73342895507812,77.48192596435547,77.2054443359375,76.90409851074219,76.57807159423828,76.2276611328125,75.87969207763672,75.53507232666016,75.19468688964844,74.8591079711914,74.47171783447266,74.08927917480469,73.7161865234375,73.3557357788086,73.0106201171875,72.68292236328125,72.37409210205078,72.08473205566406,71.81487274169922,71.56401824951172,71.33148956298828,71.11640167236328,70.91798400878906,70.73553466796875,70.5684585571289,70.41644287109375,70.27928924560547,70.1571044921875,70.05012512207031,69.95886993408203,69.88397216796875,69.82622528076172,69.78645324707031,69.76542663574219,69.76358032226562,69.78085327148438,69.81619262695312,69.86737060546875,69.93048858642578,70.0
36,-999.989990234375,78.8832015991211,78.85798645019531,78.80767822265625,78.7324447631836,78.63245391845703,78.50785827636719,78.35872650146484,78.18514251708984,77.98713684082031,77.76470184326172,77.51787567138672,77.24671173095703,76.95127868652344,76.63176727294922,76.28840637207031,75.94794464111328,75.61116027832031,75.27879333496094,74.95128631591797,74.58329010009766,74.21993255615234,73.86489868164062,73.52083587646484,73.18999481201172,72.87416076660156,72.5745620727539,72.29196166992188,72.02658081054688,71.77825164794922,71.54666137695312,71.33126068115234,71.13154602050781,70.94702911376953,70.77731323242188,70.62210083007812,70.48125457763672,70.35477447509766,70.24284362792969,70.14569091796875,70.0637435913086,69.99738311767578,69.94702911376953,69.9129409790039,69.89498901367188,69.89269256591797,69.90473175048828,69.928955078125,69.96210479736328,70.0
37,-999.989990234375,78.89691925048828,78.87179565429688,78.82177734375,78.74715423583984,78.6482162475586,78.52517700195312,78.37816619873047,78.2072525024414,78.01248931884766,77.79386901855469,77.5514144897461,77.28514862060547,76.99514770507812,76.68152618408203,76.34449005126953,76.01067352294922,75.6807632446289,75.35537719726562,75.03485870361328,74.68291473388672,74.3353500366211,73.99530029296875,73.66498565673828,73.34623718261719,73.0406265258789,72.7492446899414,72.4728775024414,72.21186065673828,71.96630096435547,71.73604583740234,71.52082824707031,71.32032012939453,71.13423919677734,70.96223449707031,70.80413055419922,70.65977478027344,70.52913665771484,70.41227722167969,70.30924987792969,70.22027587890625,70.14543914794922,70.08487701416016,70.03844451904297,70.00577545166016,69.98605346679688,69.97796630859375,69.9794692993164,69.98792266845703,70.0
38,-999.989990234375,78.910400390625,78.8851318359375,78.83504486083984,78.76068878173828,78.6624984741211,78.54075622558594,78.3956298828125,78.22718811035156,78.03546142578125,77.82041931152344,77.58203887939453,77.3203125,77.0352783203125,76.7270278930664,76.39566040039062,76.06775665283203,75.74388885498047,75.42461395263672,75.11018371582031,74.77155303955078,74.43714141845703,74.1095962524414,73.7907943725586,73.4823226928711,73.18548583984375,72.90135192871094,72.630615234375,72.37374877929688,72.13093566894531,71.90221405029297,71.68746185302734,71.48652648925781,71.29920196533203,71.125244140625,70.96452331542969,70.8168716430664,70.68226623535156,70.56061553955078,70.4519271850586,70.3561782836914,70.27330017089844,70.2031478881836,70.1454086303711,70.09947204589844,70.06446838378906,70.03902435302734,70.0213851928711,70.00926971435547,70.0
39,-999.989990234375,78.9238052368164,78.89789581298828,78.84717559814453,78.77257537841797,78.67473602294922,78.55400848388672,78.41055297851562,78.24440002441406,78.05553436279297,77.8438720703125,77.60932159423828,77.35183715820312,77.0713882446289,76.76800537109375,76.44176483154297,76.1191177368164,75.80059051513672,75.4866714477539,75.17754364013672,74.85003662109375,74.52658081054688,74.20951080322266,73.900390625,73.60059356689453,73.31131744384766,73.03346252441406,72.76776885986328,72.51470184326172,72.2745132446289,72.04736328125,71.8332290649414,71.63204956054688,71.44371032714844,71.26807403564453,71.10498809814453,70.954345703125,70.81599426269531,70.68988037109375,70.5758285522461,70.4737548828125,70.38339233398438,70.30448913574219,70.23655700683594,70.17888641357422,70.13053894042969,70.09022521972656,70.05638122558594,70.02702331542969,70.0
40,-999.989990234375,78.93778991699219,78.91010284423828,78.85773468017578,78.78221130371094,78.68428039550781,78.56429290771484,78.42233276367188,78.25834655761719,78.07222747802734,77.86381530761719,77.63291931152344,77.37942504882812,77.10324096679688,76.8043212890625,76.48268127441406,76.16475677490234,75.8509521484375,75.54171752929688,75.23721313476562,74.91900634765625,74.6047134399414,74.29637908935547,73.99540710449219,73.70297241210938,73.42012786865234,73.14771270751953,72.88642883300781,72.63672637939453,72.39897918701172,72.17332458496094,71.9598617553711,71.75857543945312,71.5694580078125,71.39234924316406,71.22718048095703,71.07377624511719,70.93203735351562,70.80179595947266,70.68282318115234,70.574951171875,70.47779083251953,70.39100646972656,70.31399536132812,70.24604797363281,70.18616485595703,70.13318634033203,70.08563232421875,70.04187774658203,70.0
41,-999.989990234375,78.97080993652344,78.92166900634766,78.86605072021484,78.78877258300781,78.69032287597656,78.57085418701172,78.4302978515625,78.26846313476562,78.08507537841797,77.87986755371094,77.65254211425781,77.40286254882812,77.13066864013672,76.83586120605469,76.51841735839844,76.20468139648438,75.89507293701172,75.58995056152344,75.28946685791016,74.97900390625,74.67236328125,74.371337890625,74.0771484375,73.7909164428711,73.51351165771484,73.24575805664062,72.98827362060547,72.7415771484375,72.50596618652344,72.2817153930664,72.06890869140625,71.86763763427734,71.67786407470703,71.4994888305664,71.33245849609375,71.17660522460938,71.03179931640625,70.89781188964844,70.77442169189453,70.66132354736328,70.55814361572266,70.4643783569336,70.37947845458984,70.3026123046875,70.23289489746094,70.16915893554688,70.110107421875,70.05428314208984,70.0
42,-999.989990234375,79.00160217285156,78.95713806152344,78.87068939208984,78.79102325439453,78.69180297851562,78.57282257080078,78.43374633789062,78.27415466308594,78.0936279296875,77.8917007446289,77.6679458618164,77.42200469970703,77.15360260009766,76.86262512207031,76.54899597167969,76.23902130126953,75.93307495117188,75.63154602050781,75.33454132080078,75.03052520751953,74.73020935058594,74.43525695800781,74.14673614501953,73.8656234741211,73.59280395507812,73.32896423339844,73.07475280761719,72.83061981201172,72.59690856933594,72.3739013671875,72.16171264648438,71.96045684814453,71.7701187133789,71.59069061279297,71.4220199584961,71.26403045654297,71.11650085449219,70.979248046875,70.8519515991211,70.73429107666016,70.62581634521484,70.52606201171875,70.4343490600586,70.34990692138672,70.2718505859375,70.19908142089844,70.13043975830078,70.0645523071289,70.0
43,-999.989990234375,79.02906036376953,78.98312377929688,78.9034194946289,78.78744506835938,78.68748474121094,78.5692138671875,78.43189239501953,78.27484893798828,78.09745788574219,77.8990707397461,77.67903137207031,77.43681335449219,77.1720962524414,76.88468933105469,76.57450866699219,76.26786804199219,75.96513366699219,75.66668701171875,75.37266540527344,75.07395935058594,74.77883911132812,74.48884582519531,74.2049789428711,73.92810821533203,73.6590576171875,73.39847564697266,73.14698028564453,72.90499114990234,72.67290496826172,72.4509506225586,72.23932647705078,72.03809356689453,71.84733581542969,71.6669692993164,71.4969482421875,71.33709716796875,71.18726348876953,71.04718780517578,70.91654205322266,70.79496765136719,70.68199920654297,70.5771255493164,70.47966766357422,70.38887786865234,70.30387115478516,70.22366333007812,70.1470947265625,70.07299041748047,70.0
44,-999.989990234375,79.04363250732422,78.99942779541016,78.9207763671875,78.81509399414062,78.67603302001953,78.55899047851562,78.42395782470703,78.26997375488281,78.0962142944336,77.90180206298828,77.68577575683594,77.44740295410156,77.1862564086914,76.90219116210938,76.5951156616211,76.29138946533203,75.99141693115234,75.6955795288086,75.40403747558594,75.10963439941406,74.81871032714844,74.5326919555664,74.25254821777344,73.97911071777344,73.71308898925781,73.45516967773438,73.20589447021484,72.96566772460938,72.7348861694336,72.51383209228516,72.30265808105469,72.10150909423828,71.910400390625,71.7292709350586,71.55811309814453,71.39672088623047,71.24494934082031,71.10247802734375,70.96904754638672,70.84420776367188,70.72752380371094,70.61842346191406,70.51628112792969,70.4203109741211,70.3296890258789,70.24342346191406,70.16050720214844,70.07978057861328,70.0
45,-999.989990234375,-999.989990234375,78.99119567871094,78.92408752441406,78.82423400878906,78.69933319091797,78.54122924804688,78.4092025756836,78.25894927978516,78.08956146240234,77.89990997314453,77.68840789794922,77.45404815673828,77.19640350341797,76.9153823852539,76.61104583740234,76.30979919433594,76.0121078491211,75.7184066772461,75.42887115478516,75.1377944946289,74.85016632080078,74.56726837158203,74.29002380371094,74.01921081542969,73.75557708740234,73.49971008300781,73.25216674804688,73.01336669921875,72.78363800048828,72.56330108642578,72.35250091552734,72.1513900756836,71.9599838256836,71.77827453613281,71.6061782836914,71.44358825683594,71.2902603149414,71.1458969116211,71.01020050048828,70.8827896118164,70.76313018798828,70.65071105957031,70.54486846923828,70.44483184814453,70.34980773925781,70.25883483886719,70.17095184326172,70.08503723144531,70.0
46,-999.989990234375,-999.989990234375,-999.989990234375,78.90094757080078,78.8187026977539,78.70365905761719,78.56319427490234,78.38703155517578,78.24115753173828,78.07711791992188,77.89363861083984,77.68746948242188,77.45731353759766,77.2029800415039,76.92464447021484,76.62256622314453,76.32331848144531,76.02741241455078,75.73533630371094,75.44732666015625,75.15872955322266,74.87348937988281,74.5928955078125,74.31779479980469,74.04893493652344,73.78704833984375,73.5326919555664,73.28642272949219,73.04864501953125,72.8197250366211,72.59989166259766,72.38938903808594,72.18831634521484,71.99669647216797,71.81452178955078,71.64176940917969,71.47821807861328,71.32373046875,71.17798614501953,71.04061889648438,70.91127014160156,70.78939819335938,70.67450714111328,70.56588745117188,70.46285247802734,70.36455535888672,70.27012634277344,70.17860412597656,70.08891296386719,70.0
47,-999.989990234375,-999.989990234375,-999.989990234375,-999.989990234375,78.78653717041016,78.69503021240234,78.56836700439453,78.41026306152344,78.21581268310547,78.05809783935547,77.88384246826172,77.68408966064453,77.45811462402344,77.20663452148438,76.93041229248047,76.63001251220703,76.33216094970703,76.03749084472656,75.74652862548828,75.45954132080078,75.17259216308594,74.88892364501953,74.60983276367188,74.33614349365234,74.06857299804688,73.80781555175781,73.55448150634766,73.3090591430664,73.07195281982422,72.84355163574219,72.62406921386719,72.41372680664062,72.21267700195312,72.02094268798828,71.83848571777344,71.66526794433594,71.5011215209961,71.3458480834961,71.19913482666016,71.0606689453125,70.93000793457031,70.80670166015625,70.69017791748047,70.57972717285156,70.47467803955078,70.37425231933594,70.27752685546875,70.18360137939453,70.09144592285156,70.0
48,-999.989990234375,-999.989990234375,-999.989990234375,-999.989990234375,-999.989990234375,78.66183471679688,78.56908416748047,78.4169921875,78.2386245727539,78.02978515625,77.87339782714844,77.68054962158203,77.45780944824219,77.2081527709961,76.9331283569336,76.6336441040039,76.3365249633789,76.04248809814453,75.75210571289062,75.46562957763672,75.1794662475586,74.89661407470703,74.61825561523438,74.34525299072266,74.07835388183594,73.81816101074219,73.56532287597656,73.32029724121094,73.08354949951172,72.85538482666016,72.63610076904297,72.42584991455078,72.22480010986328,72.03297424316406,71.85039520263672,71.67694091796875,71.51250457763672,71.35684967041016,71.20966339111328,71.07064819335938,70.93932342529297,70.81525421142578,70.69791412353516,70.58660125732422,70.4805679321289,70.37908172607422,70.28121185302734,70.18608856201172,70.09268188476562,70.0
49,-999.989990234375,-999.989990234375,-999.989990234375,-999.989990234375,-999.989990234375,-999.989990234375,-999.989990234375,-999.989990234375,-999.989990234375,-999.989990234375,-999.989990234375,-999.989990234375,-999.989990234375,-999.989990234375,-999.989990234375,-999.989990234375,-999.989990234375,-999.989990234375,-999.989990234375,-999.989990234375,-999.989990234375,-999.989990234375,-999.989990234375,-999.989990234375,-999.989990234375,-999.989990234375,-999.989990234375,-999.989990234375,-999.989990234375,-999.989990234375,-999.989990234375,-999.989990234375,-999.989990234375,-999.989990234375,-999.989990234375,-999.989990234375,-999.989990234375,-999.989990234375,-999.989990234375,-999.989990234375,-999.989990234375,-999.989990234375,-999.989990234375,-999.989990234375,-999.989990234375,-999.989990234375,-999.989990234375,-999.989990234375,-999.989990234375,70.0
